Nombre; Edad; Sexo; Id del trabajador; AÃ±os de experiencia
Dolly; 42; female; 1; 17
 Julianne; 34; female; 2; 13
 Price; 60; male; 3; 1
 Tabitha; 65; female; 4; 23
 Dennis; 48; female; 5; 24
 Brown; 22; male; 6; 2
 Duncan; 64; male; 7; 2
 Annie; 42; male; 8; 12
 Annamarie; 55; male; 9; 17
 Rita; 65; female; 10; 34
 Nash; 42; female; 11; 10
 Lester; 66; female; 12; 45
 Elvis; 31; female; 13; 11
 Kira; 19; male; 14; 1
 Carissa; 51; female; 15; 29
 Sallie; 61; male; 16; 6
 Minerva; 68; male; 17; 12
 Estelle; 62; female; 18; 22
 Reyna; 26; male; 19; 1
 Lucas; 31; female; 20; 3
 Rickie; 64; male; 21; 1
 Augustine; 67; female; 22; 31
 Carrie; 52; female; 23; 33
 Andreanne; 62; male; 24; 38
 Helmer; 37; male; 25; 13
 Berniece; 65; female; 26; 44
 Beulah; 39; male; 27; 17
 Joel; 62; female; 28; 15
 Raheem; 44; female; 29; 11
 Walton; 36; male; 30; 7
 Savanna; 38; male; 31; 17
 Leif; 62; male; 32; 33
 Tamia; 59; male; 33; 20
 Kennith; 69; male; 34; 48
 Shad; 40; male; 35; 1
 Madisen; 67; female; 36; 12
 Mara; 35; male; 37; 6
 Rachel; 28; female; 38; 1
 Trent; 28; female; 39; 5
 Shanel; 66; female; 40; 12
 Garnett; 46; female; 41; 3
 Theron; 25; male; 42; 4
 Rosalee; 40; male; 43; 1
 Joany; 54; male; 44; 6
 Hilda; 27; female; 45; 4
 Melody; 51; female; 46; 12
 Ariane; 29; male; 47; 9
 Jordy; 40; female; 48; 20
 Ransom; 40; male; 49; 20
 Dasia; 25; female; 50; 4
 Francesca; 37; female; 51; 6
 Stella; 47; female; 52; 22
 Abel; 67; female; 53; 15
 Marlene; 67; female; 54; 39
 Ephraim; 44; female; 55; 6
 Bernadette; 33; female; 56; 1
 Yolanda; 41; male; 57; 14
 Matilda; 65; male; 58; 35
 Joanny; 49; female; 59; 25
 Maya; 22; female; 60; 2
 Florian; 20; male; 61; 1
 Vernon; 38; male; 62; 10
 Catherine; 68; male; 63; 1
 Marielle; 28; female; 64; 9
 Nickolas; 37; female; 65; 2
 Antonia; 38; female; 66; 17
 Sonny; 21; female; 67; 2
 Dan; 25; male; 68; 4
 Baby; 24; female; 69; 4
 Savion; 65; female; 70; 1
 Kelsi; 54; female; 71; 27
 Heath; 63; male; 72; 34
 Alysha; 58; female; 73; 37
 Larry; 38; female; 74; 15
 Jessika; 49; male; 75; 25
 Orlando; 25; male; 76; 1
 Nils; 29; female; 77; 9
 Jordi; 36; male; 78; 7
 Frances; 22; male; 79; 3
 Patience; 57; male; 80; 19
 Osvaldo; 46; male; 81; 7
 Thea; 29; male; 82; 10
 Valentina; 45; female; 83; 21
 Amos; 38; female; 84; 1
 Sonny; 20; female; 85; 1
 Rubye; 56; female; 86; 17
 Kelley; 25; female; 87; 6
 Carlee; 60; male; 88; 23
 Hulda; 20; female; 89; 2
 Velva; 51; female; 90; 28
 Ezra; 26; male; 91; 3
 Alexander; 19; male; 92; 1
 Lamar; 29; male; 93; 1
 Gina; 58; female; 94; 16
 Marian; 66; female; 95; 42
 Gilda; 49; female; 96; 11
 Murl; 20; female; 97; 1
 Gilda; 22; female; 98; 1
 Clair; 56; female; 99; 17
 Mack; 28; female; 100; 6
 Shany; 57; male; 101; 19
 Pierre; 45; female; 102; 3
 Connor; 26; female; 103; 8
 Remington; 41; female; 104; 1
 Gene; 52; female; 105; 24
 Xander; 45; female; 106; 9
 Trevion; 65; male; 107; 46
 Lionel; 43; female; 108; 22
 Alyce; 53; female; 109; 17
 Selmer; 62; female; 110; 36
 Seth; 29; female; 111; 11
 Llewellyn; 52; female; 112; 34
 Mitchel; 52; female; 113; 22
 Moises; 21; female; 114; 3
 Hermina; 25; male; 115; 7
 Misael; 63; female; 116; 36
 Gladys; 47; female; 117; 4
 Edmund; 26; female; 118; 3
 Noelia; 65; female; 119; 31
 Kenneth; 22; male; 120; 1
 Antonietta; 37; male; 121; 7
 Camille; 64; female; 122; 13
 Viola; 44; male; 123; 18
 Odie; 32; female; 124; 10
 Hubert; 67; female; 125; 44
 Kiarra; 54; male; 126; 24
 Elmo; 20; male; 127; 2
 Milo; 56; male; 128; 32
 Hank; 62; male; 129; 22
 Ansley; 43; male; 130; 23
 Malinda; 61; male; 131; 20
 Tatyana; 20; female; 132; 1
 Asa; 51; male; 133; 13
 Lucious; 43; female; 134; 16
 Alice; 36; male; 135; 12
 Amari; 22; female; 136; 2
 Jackson; 38; female; 137; 3
 Rachelle; 54; female; 138; 14
 Jodie; 30; male; 139; 4
 Montana; 62; male; 140; 1
 Barrett; 53; female; 141; 32
 Guiseppe; 69; male; 142; 19
 Dion; 64; female; 143; 4
 Randall; 44; male; 144; 4
 Edmond; 52; female; 145; 8
 Herta; 45; male; 146; 10
 Deshaun; 29; male; 147; 8
 Morgan; 23; male; 148; 4
 Mauricio; 67; female; 149; 31
 Lupe; 66; female; 150; 38
 Bart; 62; female; 151; 33
 Ethan; 50; male; 152; 1
 Rodrick; 50; female; 153; 26
 Alena; 64; male; 154; 42
 Anna; 30; female; 155; 2
 Lora; 26; female; 156; 3
 Ciara; 65; female; 157; 45
 Gardner; 59; male; 158; 28
 Kirsten; 68; male; 159; 10
 Kiel; 64; female; 160; 21
 Roman; 35; female; 161; 8
 Jaylon; 64; female; 162; 9
 Mortimer; 28; male; 163; 6
 Beverly; 24; male; 164; 2
 Brandi; 58; male; 165; 37
 Adriel; 46; female; 166; 20
 Lina; 50; male; 167; 9
 Okey; 57; female; 168; 10
 Melany; 65; female; 169; 11
 Myrl; 40; female; 170; 21
 Armando; 60; male; 171; 30
 Lucas; 25; female; 172; 4
 Penelope; 23; female; 173; 3
 Viviane; 55; female; 174; 17
 Cielo; 52; female; 175; 8
 Lexi; 57; male; 176; 12
 Jayde; 50; female; 177; 28
 Audie; 45; female; 178; 14
 Magnus; 49; male; 179; 5
 Sincere; 23; female; 180; 4
 Franz; 42; female; 181; 19
 Dominique; 62; male; 182; 2
 Kariane; 45; female; 183; 25
 Karianne; 26; male; 184; 2
 Carolina; 40; female; 185; 9
 Kenneth; 33; male; 186; 6
 Maximillian; 59; male; 187; 33
 Natalia; 38; male; 188; 7
 Rosario; 53; male; 189; 19
 Dax; 39; female; 190; 11
 Guiseppe; 59; male; 191; 3
 Jerod; 33; male; 192; 3
 Betty; 20; male; 193; 2
 Kieran; 35; male; 194; 4
 Caroline; 55; female; 195; 25
 Eddie; 20; female; 196; 1
 Hassie; 66; male; 197; 33
 Emil; 64; female; 198; 35
 Alvah; 42; male; 199; 18
 Francis; 28; male; 200; 6
 Alfred; 19; female; 201; 1
 Taya; 68; female; 202; 34
 Alphonso; 42; female; 203; 4
 Raphaelle; 35; female; 204; 13
 Hilario; 28; female; 205; 2
 Tevin; 45; male; 206; 5
 Kianna; 65; female; 207; 20
 Else; 33; male; 208; 11
 Jaren; 33; male; 209; 10
 Darrell; 53; male; 210; 22
 Lila; 41; male; 211; 11
 Joel; 36; female; 212; 15
 Uriel; 20; male; 213; 1
 Cyrus; 51; male; 214; 21
 Malachi; 45; female; 215; 3
 Reginald; 22; female; 216; 1
 Kenna; 66; female; 217; 1
 Bettie; 45; female; 218; 12
 Betty; 52; male; 219; 1
 Alexanne; 22; female; 220; 3
 Macie; 23; female; 221; 4
 Zaria; 27; male; 222; 1
 Sabryna; 22; female; 223; 3
 Eleanore; 20; male; 224; 1
 Maymie; 40; female; 225; 11
 Samara; 24; male; 226; 3
 Oren; 32; male; 227; 8
 Franco; 37; male; 228; 17
 Natalia; 67; male; 229; 38
 Amos; 39; male; 230; 3
 Humberto; 59; female; 231; 18
 Willa; 26; female; 232; 1
 Evalyn; 60; male; 233; 16
 Ronny; 27; female; 234; 6
 Jaycee; 20; female; 235; 2
 Bulah; 28; female; 236; 8
 Fanny; 65; male; 237; 16
 Zechariah; 57; male; 238; 3
 Finn; 35; female; 239; 10
 Jamey; 50; male; 240; 16
 Alexandro; 62; male; 241; 27
 Jamaal; 24; female; 242; 3
 Adah; 25; female; 243; 6
 Bart; 42; male; 244; 7
 Oswaldo; 33; male; 245; 6
 Gretchen; 69; male; 246; 3
 Ceasar; 20; male; 247; 1
 Nicola; 44; male; 248; 7
 Marvin; 64; male; 249; 14
 Cindy; 58; female; 250; 39
 Sammie; 49; female; 251; 21
 Ryan; 33; female; 252; 14
 Marianne; 59; male; 253; 28
 Miracle; 37; female; 254; 15
 Bessie; 52; male; 255; 24
 Emmett; 44; female; 256; 4
 Margaretta; 57; female; 257; 33
 Lauryn; 53; female; 258; 24
 Corrine; 36; male; 259; 7
 Vaughn; 41; female; 260; 17
 Hulda; 20; female; 261; 1
 Josefa; 37; female; 262; 7
 Emery; 23; male; 263; 4
 Gust; 64; male; 264; 33
 Filiberto; 43; female; 265; 9
 Lexie; 51; female; 266; 11
 Elliot; 57; female; 267; 25
 Ezequiel; 20; female; 268; 2
 Jada; 24; female; 269; 3
 Deon; 28; male; 270; 3
 Whitney; 23; female; 271; 5
 Hershel; 43; male; 272; 9
 Stone; 63; male; 273; 17
 Jaylin; 38; male; 274; 17
 Rebeca; 66; male; 275; 10
 Jayne; 28; male; 276; 3
 Quinton; 40; female; 277; 3
 Meredith; 51; female; 278; 4
 Tito; 21; female; 279; 2
 Dell; 34; male; 280; 3
 Connor; 19; female; 281; 1
 Malika; 36; female; 282; 12
 Eulah; 52; male; 283; 20
 Penelope; 24; female; 284; 4
 Alessandro; 23; female; 285; 1
 Rudolph; 57; male; 286; 3
 Annamarie; 65; female; 287; 31
 Maryjane; 43; male; 288; 25
 Garland; 64; female; 289; 20
 Zachariah; 43; male; 290; 7
 Mariah; 48; female; 291; 21
 Alessia; 35; male; 292; 12
 Lambert; 36; male; 293; 2
 Judd; 39; female; 294; 16
 Conner; 41; female; 295; 13
 Sandy; 51; female; 296; 22
 Joanie; 27; female; 297; 9
 Travis; 23; male; 298; 5
 Peyton; 32; female; 299; 3
 Karine; 24; male; 300; 3
 Dominique; 37; female; 301; 11
 Georgianna; 45; male; 302; 10
 Valentin; 40; female; 303; 11
 Marcelle; 34; female; 304; 7
 Ceasar; 52; male; 305; 30
 Sofia; 34; male; 306; 15
 Clifton; 52; male; 307; 18
 Rafael; 20; female; 308; 1
 Clyde; 54; female; 309; 33
 Tad; 40; female; 310; 8
 Joshua; 46; male; 311; 13
 Nicolette; 21; female; 312; 1
 Dane; 45; male; 313; 21
 Leilani; 35; male; 314; 3
 Tanya; 46; male; 315; 21
 Filiberto; 28; female; 316; 7
 Maritza; 37; male; 317; 10
 Julio; 56; female; 318; 37
 Jovani; 19; female; 319; 1
 Isabella; 52; female; 320; 18
 Adrain; 60; male; 321; 11
 Jayme; 32; female; 322; 1
 Turner; 64; male; 323; 9
 Halie; 56; female; 324; 10
 Xander; 36; male; 325; 11
 Tommie; 57; female; 326; 13
 Hal; 43; male; 327; 14
 Elfrieda; 22; female; 328; 3
 Dena; 59; female; 329; 26
 Luther; 29; male; 330; 4
 Oda; 41; female; 331; 12
 Chelsie; 34; female; 332; 16
 Jayden; 33; male; 333; 6
 Christine; 29; male; 334; 7
 London; 45; female; 335; 12
 Rudy; 52; male; 336; 7
 Bette; 69; male; 337; 31
 Chyna; 22; female; 338; 2
 Fern; 24; male; 339; 1
 Domenica; 66; male; 340; 1
 Alysa; 35; female; 341; 5
 Sean; 36; male; 342; 14
 Precious; 20; male; 343; 1
 Monty; 28; female; 344; 2
 Kamryn; 30; female; 345; 8
 Bobby; 41; female; 346; 17
 Troy; 52; male; 347; 33
 Josefina; 22; female; 348; 3
 Harold; 66; female; 349; 32
 Stewart; 38; female; 350; 11
 Misael; 58; male; 351; 39
 Tierra; 51; female; 352; 5
 Alison; 20; male; 353; 1
 Destiny; 41; male; 354; 9
 Robb; 65; female; 355; 36
 Wilber; 48; female; 356; 30
 Joesph; 59; male; 357; 13
 Ransom; 57; female; 358; 31
 Lesley; 42; female; 359; 7
 Reinhold; 30; female; 360; 1
 Erling; 69; female; 361; 29
 Chadd; 42; female; 362; 10
 Henderson; 64; female; 363; 39
 Santa; 42; male; 364; 13
 Nyasia; 52; male; 365; 26
 Pascale; 32; female; 366; 13
 Philip; 62; female; 367; 34
 Tomas; 61; female; 368; 8
 Hellen; 35; male; 369; 3
 Hope; 23; male; 370; 2
 Karine; 49; female; 371; 6
 Rafael; 26; female; 372; 2
 Rigoberto; 48; male; 373; 26
 Einar; 56; female; 374; 15
 Rodolfo; 65; male; 375; 15
 Julien; 25; female; 376; 2
 Irwin; 36; male; 377; 17
 Sigmund; 19; male; 378; 1
 Loma; 23; female; 379; 4
 Dovie; 26; male; 380; 2
 Vicenta; 42; female; 381; 21
 Savannah; 29; female; 382; 10
 Darwin; 20; male; 383; 1
 Jamal; 60; male; 384; 5
 Eriberto; 29; female; 385; 9
 Chanelle; 49; female; 386; 16
 Sid; 32; female; 387; 2
 Jessika; 20; male; 388; 1
 Selmer; 30; male; 389; 10
 Germaine; 54; female; 390; 13
 Jabari; 61; male; 391; 18
 Gudrun; 35; male; 392; 6
 Jarret; 29; male; 393; 6
 Richie; 26; female; 394; 7
 Courtney; 56; female; 395; 12
 Branson; 53; male; 396; 2
 April; 67; female; 397; 11
 Rubie; 62; male; 398; 9
 Okey; 44; female; 399; 18
 Kurt; 61; male; 400; 35
 Guiseppe; 33; female; 401; 15
 Tyrell; 24; female; 402; 5
 Brooks; 48; male; 403; 5
 Koby; 36; female; 404; 9
 Savanah; 26; male; 405; 6
 Sydney; 54; female; 406; 32
 Eleonore; 67; male; 407; 40
 Lafayette; 28; male; 408; 9
 Camylle; 53; female; 409; 16
 Emelie; 60; male; 410; 30
 Kianna; 46; female; 411; 25
 Shakira; 41; female; 412; 10
 Flavie; 38; male; 413; 5
 Junior; 46; female; 414; 25
 Emie; 61; male; 415; 16
 Morgan; 64; male; 416; 32
 Judah; 50; female; 417; 16
 Madison; 30; male; 418; 2
 Olaf; 28; female; 419; 6
 Nikki; 39; male; 420; 14
 Roberto; 23; male; 421; 1
 Lindsey; 63; female; 422; 44
 Harry; 44; male; 423; 13
 Jenifer; 49; female; 424; 12
 Reanna; 30; female; 425; 6
 Jessie; 48; male; 426; 5
 Abigale; 45; male; 427; 21
 Lura; 21; female; 428; 2
 Osborne; 28; female; 429; 10
 Hellen; 51; female; 430; 22
 Gardner; 28; male; 431; 8
 Golden; 20; female; 432; 1
 Tara; 58; female; 433; 6
 Devon; 67; female; 434; 11
 Juvenal; 58; female; 435; 9
 Horace; 54; male; 436; 16
 Jillian; 48; female; 437; 10
 Richard; 20; female; 438; 1
 Eda; 58; male; 439; 27
 Nathanial; 54; female; 440; 27
 Jonathan; 33; male; 441; 3
 Yessenia; 39; male; 442; 4
 Raina; 54; male; 443; 1
 Trudie; 31; male; 444; 6
 Bernadette; 31; male; 445; 13
 Verla; 40; female; 446; 1
 Cleo; 37; female; 447; 2
 Eladio; 33; male; 448; 14
 Pasquale; 50; male; 449; 4
 Loma; 57; male; 450; 7
 Everett; 40; male; 451; 16
 Mylene; 23; female; 452; 2
 Marie; 27; female; 453; 4
 Else; 66; female; 454; 18
 Christine; 24; male; 455; 4
 Jovani; 44; female; 456; 7
 Emelia; 29; male; 457; 6
 Blanche; 49; male; 458; 28
 Julien; 63; male; 459; 10
 Mary; 40; female; 460; 10
 Enid; 42; female; 461; 24
 Korey; 34; male; 462; 10
 Tony; 67; male; 463; 1
 Maud; 48; female; 464; 21
 Loyce; 62; female; 465; 24
 Lexi; 33; female; 466; 14
 Karine; 40; female; 467; 14
 Donnie; 38; male; 468; 2
 Jasper; 63; male; 469; 14
 Rickey; 66; female; 470; 1
 Kayley; 65; female; 471; 14
 Emily; 38; male; 472; 10
 Baron; 26; female; 473; 7
 Jessica; 20; female; 474; 2
 Rosalind; 49; male; 475; 18
 Nils; 56; male; 476; 29
 Chaz; 40; female; 477; 15
 Kaycee; 33; male; 478; 7
 Aleen; 21; male; 479; 2
 Heloise; 45; male; 480; 21
 Oscar; 53; male; 481; 14
 Effie; 65; female; 482; 36
 Frieda; 64; male; 483; 20
 Consuelo; 36; male; 484; 10
 Erna; 23; female; 485; 4
 Jane; 43; male; 486; 12
 Mason; 37; male; 487; 16
 Bonita; 56; male; 488; 38
 Karley; 21; female; 489; 1
 Roscoe; 46; female; 490; 11
 Krista; 36; female; 491; 10
 Tristin; 20; female; 492; 1
 Magnus; 29; male; 493; 10
 Faye; 47; male; 494; 16
 Karianne; 67; male; 495; 9
 Charley; 61; female; 496; 27
 Velva; 67; female; 497; 19
 Eunice; 33; male; 498; 7
 Maureen; 41; female; 499; 6
 Reymundo; 29; male; 500; 10
 Jeffrey; 22; male; 501; 2
 Dejah; 49; female; 502; 1
 Miles; 21; female; 503; 1
 Darion; 21; female; 504; 1
 Tom; 49; male; 505; 20
 Eve; 42; male; 506; 22
 Gunner; 63; male; 507; 4
 Myles; 39; male; 508; 18
 Colten; 24; female; 509; 4
 Reuben; 57; female; 510; 12
 Retha; 41; male; 511; 15
 Delia; 48; female; 512; 26
 Noelia; 47; female; 513; 15
 Ryan; 36; male; 514; 2
 Blanche; 57; female; 515; 31
 Lavonne; 23; male; 516; 3
 Kade; 22; female; 517; 2
 Natasha; 39; male; 518; 14
 Nestor; 37; male; 519; 8
 Rocky; 33; male; 520; 11
 Reynold; 41; female; 521; 9
 Vesta; 65; female; 522; 45
 Milford; 38; female; 523; 20
 Enola; 28; male; 524; 10
 Frances; 24; male; 525; 1
 Gregoria; 34; male; 526; 3
 Lera; 63; female; 527; 9
 Linnea; 29; female; 528; 7
 Jett; 26; female; 529; 2
 Clovis; 45; male; 530; 8
 Gerhard; 28; male; 531; 7
 Antonina; 48; male; 532; 10
 Colt; 29; female; 533; 10
 Davion; 60; male; 534; 28
 Jennifer; 20; female; 535; 1
 Hoyt; 56; female; 536; 32
 Allene; 60; male; 537; 22
 Raul; 63; female; 538; 26
 Sasha; 40; female; 539; 5
 Akeem; 67; male; 540; 39
 Orion; 28; female; 541; 6
 Joanie; 50; male; 542; 18
 Toney; 59; male; 543; 12
 Johanna; 37; male; 544; 9
 Jacinto; 36; male; 545; 12
 Vernon; 69; female; 546; 11
 Jalen; 66; male; 547; 28
 Emelie; 61; female; 548; 14
 Abdul; 40; female; 549; 11
 Emelia; 24; female; 550; 3
 Marley; 58; female; 551; 14
 Eugene; 55; female; 552; 35
 Cletus; 46; male; 553; 3
 Hassie; 62; female; 554; 10
 Garnet; 36; female; 555; 5
 Kassandra; 27; male; 556; 1
 Sandrine; 34; female; 557; 6
 Ayden; 49; female; 558; 16
 Arnaldo; 64; male; 559; 36
 Efrain; 37; male; 560; 14
 Sharon; 38; male; 561; 14
 Percival; 61; male; 562; 5
 Beth; 29; male; 563; 8
 George; 65; male; 564; 28
 Pierce; 55; female; 565; 13
 Eleanora; 57; male; 566; 31
 Mckenna; 37; male; 567; 17
 Hassan; 32; female; 568; 11
 Van; 62; male; 569; 4
 Gerald; 45; female; 570; 24
 Chad; 35; female; 571; 1
 Dannie; 25; female; 572; 5
 Coleman; 30; female; 573; 4
 Arnulfo; 37; female; 574; 3
 Maryjane; 48; male; 575; 2
 Christ; 44; male; 576; 15
 Lisa; 43; female; 577; 17
 Georgette; 64; female; 578; 28
 Trudie; 51; male; 579; 24
 Patrick; 54; male; 580; 17
 Brett; 37; female; 581; 4
 Khalid; 32; female; 582; 3
 Jaime; 61; male; 583; 4
 Gilbert; 64; male; 584; 45
 Clara; 26; female; 585; 3
 Trace; 63; female; 586; 41
 Elda; 59; female; 587; 38
 Chance; 21; male; 588; 1
 Bailey; 30; female; 589; 7
 Keaton; 44; female; 590; 10
 Darrel; 57; female; 591; 21
 Naomie; 66; female; 592; 22
 Johnnie; 42; male; 593; 8
 Cordia; 32; male; 594; 8
 Max; 50; male; 595; 2
 Marvin; 28; male; 596; 6
 Cooper; 39; male; 597; 10
 Margarette; 27; male; 598; 7
 Krista; 65; female; 599; 25
 Tyshawn; 27; male; 600; 8
 Trinity; 30; male; 601; 3
 Mona; 40; female; 602; 3
 Bonnie; 27; male; 603; 8
 Keshaun; 25; female; 604; 1
 Andreane; 45; female; 605; 12
 Joanny; 25; female; 606; 2
 Kaitlyn; 64; male; 607; 12
 Cooper; 32; female; 608; 10
 Briana; 67; male; 609; 37
 Lillie; 65; male; 610; 5
 Magnus; 64; female; 611; 41
 Chelsea; 28; female; 612; 2
 Juwan; 64; male; 613; 16
 Mae; 36; male; 614; 9
 Mona; 38; male; 615; 5
 Carol; 65; male; 616; 46
 Beaulah; 33; male; 617; 1
 John; 57; male; 618; 15
 Cooper; 55; male; 619; 20
 Victoria; 69; female; 620; 30
 Burdette; 39; female; 621; 16
 Laverna; 19; female; 622; 1
 Cecil; 65; male; 623; 5
 Nelson; 63; male; 624; 14
 Emely; 42; male; 625; 22
 Christina; 21; male; 626; 2
 Kelsi; 21; male; 627; 3
 Dewayne; 48; female; 628; 15
 Bettye; 36; male; 629; 2
 Chasity; 56; male; 630; 33
 Dennis; 55; male; 631; 14
 Lola; 50; female; 632; 26
 Delpha; 31; male; 633; 11
 Lelah; 22; male; 634; 3
 Jeramy; 55; male; 635; 2
 Gerhard; 19; female; 636; 1
 Pete; 66; female; 637; 8
 Carmel; 56; male; 638; 27
 Adele; 61; male; 639; 20
 Aliza; 38; male; 640; 5
 Donald; 22; female; 641; 1
 Ruby; 29; female; 642; 7
 Aubree; 38; male; 643; 6
 Rodrigo; 26; male; 644; 5
 Brice; 38; female; 645; 15
 Brock; 46; female; 646; 10
 Teagan; 63; male; 647; 5
 Mario; 33; female; 648; 2
 Ayla; 60; female; 649; 20
 Wade; 26; female; 650; 5
 Irwin; 34; male; 651; 8
 Helen; 60; male; 652; 2
 Ernie; 54; female; 653; 7
 Michael; 52; female; 654; 16
 Lisette; 67; male; 655; 49
 Nola; 44; male; 656; 10
 Maeve; 34; female; 657; 5
 Abner; 65; male; 658; 47
 Barrett; 30; female; 659; 5
 Kale; 44; female; 660; 11
 Kyler; 19; female; 661; 1
 Sunny; 53; female; 662; 18
 Rose; 46; male; 663; 6
 Patience; 27; male; 664; 4
 Ashtyn; 59; female; 665; 39
 Erin; 30; female; 666; 8
 Angela; 51; male; 667; 12
 Christ; 24; male; 668; 5
 Adrianna; 22; female; 669; 4
 Wilton; 28; female; 670; 1
 Pablo; 29; female; 671; 10
 Pat; 27; male; 672; 5
 Mohamed; 34; female; 673; 11
 Gust; 35; female; 674; 7
 Horacio; 26; male; 675; 3
 Lulu; 56; male; 676; 34
 Anya; 49; female; 677; 1
 Asa; 45; male; 678; 21
 Eloy; 21; male; 679; 1
 Libby; 44; male; 680; 20
 Serena; 53; female; 681; 7
 Greyson; 24; female; 682; 3
 Harmon; 51; male; 683; 14
 Mary; 24; male; 684; 4
 Stacy; 67; male; 685; 1
 Ambrose; 32; female; 686; 9
 Raoul; 24; female; 687; 5
 Russel; 53; female; 688; 3
 Chesley; 23; male; 689; 5
 Aglae; 41; male; 690; 12
 Izaiah; 26; female; 691; 4
 Ruby; 40; female; 692; 11
 Trevor; 52; female; 693; 8
 Jeffery; 33; female; 694; 6
 Jeanette; 44; male; 695; 4
 Viviane; 57; male; 696; 27
 Madie; 46; male; 697; 27
 Halie; 45; male; 698; 9
 Lorna; 35; female; 699; 2
 Adelia; 39; male; 700; 5
 Lauretta; 42; male; 701; 16
 Candida; 48; male; 702; 5
 Edison; 43; female; 703; 16
 Emmanuel; 47; male; 704; 3
 Citlalli; 56; male; 705; 4
 Beau; 35; female; 706; 7
 Rafaela; 57; female; 707; 38
 Kyleigh; 44; male; 708; 13
 Matilda; 40; male; 709; 15
 Sammy; 31; female; 710; 1
 Rae; 30; male; 711; 4
 Beau; 62; female; 712; 20
 Gerson; 34; female; 713; 16
 Jeff; 66; female; 714; 13
 Hollis; 32; male; 715; 2
 Cara; 38; female; 716; 8
 Augustine; 45; male; 717; 22
 Rosemarie; 30; male; 718; 6
 Brown; 66; female; 719; 7
 Zane; 20; female; 720; 1
 Ezekiel; 28; male; 721; 1
 Eunice; 41; male; 722; 4
 Jordan; 44; male; 723; 5
 Ludie; 37; female; 724; 12
 Hillard; 69; female; 725; 35
 Okey; 36; male; 726; 17
 Alexane; 55; male; 727; 22
 Jamison; 68; male; 728; 2
 Opal; 64; male; 729; 25
 Jan; 55; male; 730; 34
 Devan; 21; male; 731; 3
 Christina; 51; female; 732; 17
 Carolyn; 45; female; 733; 11
 Arianna; 45; male; 734; 14
 Pearlie; 42; male; 735; 6
 Narciso; 60; male; 736; 23
 Isobel; 56; male; 737; 28
 Alda; 38; female; 738; 8
 Sibyl; 27; female; 739; 8
 Helena; 50; female; 740; 8
 Patience; 25; female; 741; 4
 Claud; 54; female; 742; 19
 Savion; 27; female; 743; 7
 Brenden; 61; male; 744; 13
 Ted; 24; male; 745; 4
 Dan; 38; female; 746; 14
 Ubaldo; 52; female; 747; 24
 Mae; 55; male; 748; 26
 Destin; 41; female; 749; 12
 Alayna; 56; female; 750; 18
 Amos; 63; female; 751; 1
 Houston; 41; female; 752; 3
 Augusta; 62; female; 753; 43
 Arne; 46; female; 754; 5
 Leonel; 46; male; 755; 12
 Kendrick; 20; male; 756; 1
 Brenden; 30; female; 757; 6
 Christelle; 46; female; 758; 18
 Cali; 41; male; 759; 18
 Burley; 25; male; 760; 3
 Constantin; 37; female; 761; 15
 Devyn; 68; male; 762; 16
 Bryana; 66; female; 763; 47
 Sigrid; 49; male; 764; 24
 Lemuel; 41; female; 765; 5
 Emie; 32; female; 766; 4
 Edd; 44; male; 767; 13
 Percival; 21; female; 768; 2
 Krystal; 67; female; 769; 18
 Ellsworth; 61; female; 770; 14
 Letitia; 44; male; 771; 2
 Kelley; 52; female; 772; 24
 Sonya; 66; female; 773; 20
 Idella; 41; male; 774; 14
 Cullen; 58; female; 775; 28
 Liana; 37; male; 776; 1
 Wilson; 53; male; 777; 33
 Ned; 42; female; 778; 16
 Hilario; 37; female; 779; 3
 Damaris; 53; female; 780; 16
 Antonina; 36; male; 781; 7
 Jevon; 51; male; 782; 1
 Maximilian; 52; male; 783; 4
 Morris; 28; male; 784; 5
 Neal; 25; male; 785; 1
 Kiara; 64; female; 786; 7
 Kiera; 46; female; 787; 15
 Connor; 47; female; 788; 3
 Gudrun; 40; male; 789; 6
 Thomas; 44; female; 790; 8
 Kenny; 27; male; 791; 8
 Giovanna; 49; female; 792; 14
 Robbie; 62; male; 793; 20
 Josue; 69; male; 794; 50
 Krystel; 20; female; 795; 1
 Marianne; 42; male; 796; 20
 Ole; 30; male; 797; 10
 Gilda; 21; female; 798; 2
 Rosemarie; 45; male; 799; 3
 Jake; 44; female; 800; 13
 Pedro; 44; male; 801; 13
 Jammie; 23; male; 802; 2
 Manley; 67; male; 803; 26
 Annie; 54; female; 804; 8
 Gust; 34; female; 805; 9
 Nels; 48; male; 806; 6
 Shanie; 30; male; 807; 3
 Lenora; 68; female; 808; 5
 Ralph; 66; female; 809; 8
 Yolanda; 33; female; 810; 1
 Margie; 61; male; 811; 26
 Garrison; 61; male; 812; 32
 Judd; 29; female; 813; 6
 Hershel; 51; female; 814; 2
 Baron; 20; male; 815; 1
 Terrill; 59; female; 816; 26
 Lonnie; 40; female; 817; 3
 Edmond; 35; female; 818; 10
 Nova; 59; female; 819; 31
 Major; 50; female; 820; 23
 Hilton; 54; male; 821; 25
 Korbin; 35; male; 822; 13
 Orlo; 29; female; 823; 8
 Joan; 32; male; 824; 13
 Alvah; 33; female; 825; 14
 Whitney; 58; male; 826; 36
 Terence; 30; male; 827; 9
 Cody; 33; male; 828; 4
 Elouise; 34; female; 829; 2
 Nels; 62; female; 830; 33
 Aidan; 38; female; 831; 17
 Holly; 63; male; 832; 34
 Herta; 25; female; 833; 3
 Sydni; 67; female; 834; 26
 Hunter; 30; female; 835; 5
 Matt; 64; female; 836; 26
 Rudolph; 38; female; 837; 20
 Eugenia; 31; female; 838; 8
 Giuseppe; 63; male; 839; 8
 Bradly; 49; male; 840; 23
 Judd; 39; male; 841; 9
 Rosie; 44; female; 842; 24
 Kailey; 60; male; 843; 6
 Korey; 44; female; 844; 19
 Clarissa; 28; female; 845; 7
 Charity; 40; male; 846; 10
 Jewell; 22; female; 847; 1
 Ava; 54; female; 848; 9
 Rhea; 68; female; 849; 31
 Kathryne; 30; male; 850; 9
 Stan; 26; female; 851; 5
 Damaris; 41; female; 852; 15
 Deion; 38; male; 853; 13
 Alysa; 65; male; 854; 19
 Tyree; 69; female; 855; 35
 Beatrice; 31; male; 856; 10
 Yasmin; 24; male; 857; 2
 Blanca; 37; male; 858; 8
 Aimee; 64; female; 859; 44
 Evalyn; 40; male; 860; 5
 Audie; 48; female; 861; 15
 Myrtice; 34; female; 862; 9
 Krystina; 52; male; 863; 26
 Leslie; 31; female; 864; 11
 Gordon; 27; male; 865; 6
 Ulises; 23; male; 866; 1
 Elisabeth; 20; male; 867; 1
 Annalise; 37; female; 868; 19
 Kasandra; 69; female; 869; 35
 Gilberto; 66; male; 870; 11
 Lauren; 69; male; 871; 37
 Alejandra; 24; female; 872; 3
 Makenna; 24; male; 873; 6
 Houston; 36; male; 874; 17
 Mossie; 32; female; 875; 8
 Lon; 57; male; 876; 27
 Sidney; 65; male; 877; 30
 Nichole; 53; female; 878; 4
 Caitlyn; 66; male; 879; 3
 Deanna; 24; female; 880; 2
 Luna; 30; male; 881; 9
 Lenora; 39; male; 882; 17
 Lukas; 40; female; 883; 10
 Dax; 66; female; 884; 17
 Vivian; 57; female; 885; 1
 Connie; 38; female; 886; 6
 Ona; 26; female; 887; 5
 Dixie; 61; male; 888; 3
 King; 45; female; 889; 1
 Juliana; 25; male; 890; 6
 Herbert; 41; male; 891; 8
 Clemens; 37; male; 892; 16
 Brad; 62; female; 893; 19
 Niko; 20; male; 894; 1
 Rosamond; 30; female; 895; 10
 Devon; 63; male; 896; 39
 Armani; 43; male; 897; 23
 Brando; 33; female; 898; 3
 Jaylin; 40; female; 899; 19
 Missouri; 56; female; 900; 33
 Ryan; 19; female; 901; 1
 Orpha; 38; male; 902; 20
 Ed; 48; male; 903; 26
 Marina; 23; female; 904; 2
 Britney; 45; male; 905; 3
 Kaia; 38; female; 906; 15
 Clovis; 40; female; 907; 8
 Theresa; 62; female; 908; 14
 Alexandro; 61; male; 909; 19
 Levi; 46; female; 910; 17
 Bernie; 39; female; 911; 15
 Americo; 28; female; 912; 2
 Kailyn; 55; female; 913; 35
 Mekhi; 41; female; 914; 9
 Modesto; 52; male; 915; 17
 Jayde; 63; female; 916; 6
 Jaclyn; 30; male; 917; 3
 Leonora; 32; male; 918; 3
 Ashlynn; 40; female; 919; 19
 Meghan; 44; male; 920; 24
 Shyanne; 58; female; 921; 31
 Ellen; 61; male; 922; 42
 Marcia; 40; male; 923; 13
 Shanel; 26; male; 924; 5
 Anabelle; 20; male; 925; 2
 Nora; 59; male; 926; 20
 Valerie; 39; male; 927; 4
 Allison; 23; female; 928; 2
 Ahmed; 47; male; 929; 14
 Jaquelin; 60; female; 930; 28
 Agustin; 29; male; 931; 8
 Elouise; 68; female; 932; 24
 Chris; 69; male; 933; 40
 Ewell; 45; female; 934; 12
 Brenna; 23; male; 935; 4
 Kane; 49; male; 936; 29
 Earlene; 54; female; 937; 20
 Frances; 23; female; 938; 4
 Augustus; 52; male; 939; 4
 Chaya; 52; female; 940; 16
 Allan; 23; male; 941; 4
 Douglas; 63; male; 942; 10
 Yadira; 46; female; 943; 22
 Trinity; 50; male; 944; 19
 Scot; 57; female; 945; 25
 Jaden; 61; male; 946; 12
 Lela; 29; female; 947; 9
 Bernie; 35; female; 948; 12
 Ansel; 40; female; 949; 10
 Susanna; 45; male; 950; 15
 Sammy; 36; female; 951; 4
 Mariane; 25; male; 952; 5
 Elva; 57; male; 953; 19
 Letitia; 25; male; 954; 4
 Travis; 57; female; 955; 11
 Amiya; 62; female; 956; 27
 Maddison; 27; male; 957; 9
 Annalise; 50; female; 958; 22
 Vincenzo; 68; female; 959; 47
 Rafael; 44; male; 960; 18
 Arden; 49; female; 961; 14
 Judge; 55; female; 962; 9
 Dillon; 33; female; 963; 13
 Skye; 20; female; 964; 1
 Leif; 40; male; 965; 16
 Litzy; 38; male; 966; 10
 Emmalee; 21; male; 967; 2
 Isom; 20; male; 968; 2
 Jarod; 20; male; 969; 1
 Dallas; 39; male; 970; 20
 Jimmy; 19; male; 971; 1
 Elliot; 45; male; 972; 19
 Jasmin; 28; female; 973; 4
 Alize; 64; male; 974; 1
 Hilario; 61; male; 975; 39
 Layne; 22; male; 976; 3
 Doris; 60; male; 977; 32
 Justus; 45; female; 978; 16
 Brenna; 29; male; 979; 10
 Adolphus; 59; male; 980; 15
 Janis; 36; male; 981; 8
 Alivia; 28; male; 982; 2
 Winona; 42; male; 983; 21
 Lauryn; 61; female; 984; 24
 Rocky; 49; male; 985; 14
 Ozella; 47; male; 986; 2
 Corbin; 67; male; 987; 20
 Grant; 33; male; 988; 2
 Kaelyn; 36; female; 989; 10
 Sigrid; 58; female; 990; 32
 Wilfrid; 68; female; 991; 5
 Brook; 34; female; 992; 15
 Jayde; 43; female; 993; 8
 Reyna; 38; female; 994; 7
 Alec; 63; male; 995; 19
 Brent; 69; male; 996; 34
 Enoch; 25; male; 997; 6
 Damaris; 34; male; 998; 7
 Nia; 35; female; 999; 4
 Rory; 49; male; 1000; 17
 